{"cameraMode":{"drawMode":0,"name":"Shaded","section":"Shading Mode"},"sceneLighting":true,"audioPlay":false,"sceneViewState":{"m_AlwaysRefresh":false,"showFog":true,"showSkybox":true,"showFlares":true,"showImageEffects":true,"showParticleSystems":true,"showVisualEffectGraphs":true,"m_FxEnabled":true},"in2DMode":false,"pivot":{"x":0.29543253779411318,"y":1.1877286434173585,"z":1.0940628051757813},"rotation":{"x":-0.07342240959405899,"y":0.7296339273452759,"z":-0.0793369710445404,"w":-0.6752396821975708},"size":0.828421413898468,"orthographic":false}