{"cameraMode":{"drawMode":0,"name":"Shaded","section":"Shading Mode"},"sceneLighting":false,"audioPlay":false,"sceneViewState":{"m_AlwaysRefresh":false,"showFog":true,"showSkybox":false,"showFlares":true,"showImageEffects":true,"showParticleSystems":true,"showVisualEffectGraphs":true,"m_FxEnabled":true},"in2DMode":false,"pivot":{"x":-0.24199998378753663,"y":0.5450000762939453,"z":17.43000030517578},"rotation":{"x":-0.23893696069717408,"y":-0.7471375465393066,"z":0.34746626019477847,"w":-0.5137730836868286},"size":0.8660253882408142,"orthographic":false}